user_id,user_name,age,gender,user_city
USR108,Melissa Smith,59,Other,Chennai
USR129,Joseph Bowman,59,Male,Chennai
USR195,Peter Davis,59,Male,Mumbai
USR100,Wendy Baird,58,Male,Mumbai
USR120,Katelyn Reid,58,Other,Ahmedabad
USR130,Adriana Stokes,58,Male,Chennai
USR159,Sarah Martinez,58,Female,Ahmedabad
USR160,Sherry Young,58,Other,Chennai
USR183,Nicole Mccann,58,Male,Delhi
USR149,Alexis Turner,56,Male,Hyderabad
USR173,Lisa Adams,56,Female,Delhi
USR110,Richard Nelson,55,Female,Ahmedabad
USR143,Mrs. Casey Taylor,55,Female,Chennai
USR137,Wyatt Young,54,Other,Bangalore
USR189,Michelle Church,54,Female,Delhi
USR107,Jill Edwards,53,Male,Pune
USR133,Anna Burke DDS,53,Male,Pune
USR103,Dawn Harvey,52,Male,Chennai
USR118,Terry Morton,52,Male,Hyderabad
USR142,John Reynolds,52,Female,Pune
USR174,Eric Jackson,52,Other,Pune
USR151,Cheryl Martinez,51,Female,Chennai
USR163,Casey Reed,51,Male,Chennai
USR106,Kristine Arroyo,50,Other,Mumbai
USR187,Gabriel Parker,49,Male,Chennai
USR171,Anita Allen,48,Other,Delhi
USR190,Melissa Lloyd,48,Female,Delhi
USR178,Christina Johnson,46,Male,Delhi
USR104,Jesse Nelson,45,Male,Mumbai
USR112,Michele Roberts,45,Female,Bangalore
USR192,Mary Gray,45,Female,Hyderabad
USR109,Joseph Dawson,44,Male,Hyderabad
USR193,Abigail Schneider,44,Female,Ahmedabad
USR139,Joyce Morton,43,Other,Hyderabad
USR144,Brian Anderson,43,Female,Delhi
USR176,Reginald Jones,43,Other,Pune
USR196,Patricia Riley,43,Other,Bangalore
USR115,Brian Guerrero,42,Male,Bangalore
USR132,Daniel Warner,42,Female,Pune
USR150,Kathleen Baker,42,Other,Hyderabad
USR121,Vanessa Nielsen,41,Other,Delhi
USR126,Joseph Berg,41,Male,Bangalore
USR177,Kevin Harper,41,Female,Chennai
USR116,Heather Landry,40,Other,Bangalore
USR127,Jennifer Wilcox,40,Male,Pune
USR114,Christian Griffin,39,Male,Mumbai
USR185,Christine Perez,39,Male,Chennai
USR134,Audrey Figueroa,38,Male,Delhi
USR164,Debra Miller,38,Female,Mumbai
USR166,Ana Morgan,37,Male,Mumbai
USR101,Travis Mcneil,35,Male,Delhi
USR125,Jose Johnson,35,Female,Pune
USR128,Andrew Bowman,35,Other,Pune
USR136,Logan Hammond,35,Male,Delhi
USR154,Ricardo Gomez,35,Other,Bangalore
USR157,Mandy Hurst,34,Other,Ahmedabad
USR172,Matthew Underwood,34,Other,Ahmedabad
USR131,Debra Richards,33,Male,Hyderabad
USR141,Ryan Reeves,33,Other,Chennai
USR167,Anna Camacho,33,Other,Mumbai
USR186,Mario Chambers,33,Female,Pune
USR123,Lori Mckee,32,Female,Mumbai
USR124,Joseph Cantu,32,Male,Hyderabad
USR179,Rhonda Ramirez,32,Male,Bangalore
USR181,David Cooper,32,Other,Delhi
USR138,Charles Vang,31,Other,Hyderabad
USR161,Elizabeth White,30,Male,Bangalore
USR175,Dr. Ronald Garza,30,Other,Bangalore
USR198,Tammy Price,30,Other,Hyderabad
USR158,Alicia Robinson,29,Other,Mumbai
USR148,Marcus Bailey,28,Other,Hyderabad
USR156,Felicia Lam,28,Female,Mumbai
USR162,Amber Henderson,28,Other,Ahmedabad
USR113,Christopher Richardson,27,Male,Ahmedabad
USR140,Jacob Simpson,27,Female,Delhi
USR102,Amy Phelps,26,Other,Mumbai
USR145,Richard Cisneros,26,Other,Hyderabad
USR170,Juan Vargas,26,Male,Pune
USR188,Kristin Gibson,26,Other,Chennai
USR199,Patricia Morgan,26,Female,Delhi
USR147,Melissa Hale,25,Male,Pune
USR153,Steven Perry,25,Other,Chennai
USR155,Debra Singh,25,Female,Hyderabad
USR165,Alexandria Cox,25,Female,Ahmedabad
USR191,Sarah Crawford,24,Male,Pune
USR197,David Moore,24,Male,Delhi
USR105,Andrew Reilly,23,Male,Delhi
USR119,Hannah Reyes,23,Other,Bangalore
USR146,Christopher Meyer,23,Male,Ahmedabad
USR168,Darrell Dunn,23,Other,Hyderabad
USR122,Nicole Gonzalez,22,Male,Pune
USR169,Barry Wells,22,Other,Ahmedabad
USR184,Laura Parker,22,Male,Ahmedabad
USR194,Amy Stone,21,Other,Pune
USR117,Joshua Moore,20,Other,Hyderabad
USR135,Laura Cummings,20,Female,Hyderabad
USR180,Sandra Burns,19,Other,Chennai
USR111,Tyrone Edwards,18,Male,Pune
USR152,Amanda Hill,18,Other,Pune
USR182,Angela Mccormick,18,Male,Pune